-- phpMyAdmin SQL Dump
-- version 4.3.11
-- http://www.phpmyadmin.net
--
-- Host: 127.0.0.1
-- Generation Time: Apr 03, 2016 at 06:01 AM
-- Server version: 5.6.24
-- PHP Version: 5.6.8

SET SQL_MODE = "NO_AUTO_VALUE_ON_ZERO";
SET time_zone = "+00:00";


/*!40101 SET @OLD_CHARACTER_SET_CLIENT=@@CHARACTER_SET_CLIENT */;
/*!40101 SET @OLD_CHARACTER_SET_RESULTS=@@CHARACTER_SET_RESULTS */;
/*!40101 SET @OLD_COLLATION_CONNECTION=@@COLLATION_CONNECTION */;
/*!40101 SET NAMES utf8 */;

--
-- Database: `quanlynhansu`
--

-- --------------------------------------------------------

--
-- Table structure for table `tlb_bangcap`
--

CREATE TABLE IF NOT EXISTS `tlb_bangcap` (
  `bang_cap_id` varchar(10) COLLATE utf8mb4_unicode_ci NOT NULL,
  `ten_bang_cap` varchar(50) COLLATE utf8mb4_unicode_ci NOT NULL
) ENGINE=InnoDB DEFAULT CHARSET=utf8mb4 COLLATE=utf8mb4_unicode_ci;

--
-- Dumping data for table `tlb_bangcap`
--

INSERT INTO `tlb_bangcap` (`bang_cap_id`, `ten_bang_cap`) VALUES
('BTVH', 'Bổ túc văn hóa'),
('CD001', 'Cao đẳng'),
('DH001', 'Đại học xây dựng'),
('DH002', 'Đại học luật'),
('DH003', 'Đại học'),
('LDPT', 'Lao động phổ thông'),
('TC001', 'Trung cấp xây dựng'),
('TC002', 'Trung cấp CNTT'),
('TC003', 'Trung cấp'),
('THCS01', 'Trung học cơ sở'),
('THPT01', 'Trung học phổ thông');

-- --------------------------------------------------------

--
-- Table structure for table `tlb_baohiem`
--

CREATE TABLE IF NOT EXISTS `tlb_baohiem` (
  `ma_nhan_vien` varchar(10) COLLATE utf8mb4_unicode_ci NOT NULL,
  `so_bhxh` varchar(25) COLLATE utf8mb4_unicode_ci NOT NULL,
  `ngay_cap_bhxh` varchar(25) COLLATE utf8mb4_unicode_ci NOT NULL,
  `noi_cap_bhxh` varchar(100) COLLATE utf8mb4_unicode_ci NOT NULL,
  `so_bhyt` varchar(25) COLLATE utf8mb4_unicode_ci NOT NULL,
  `ngay_cap_bhyt` varchar(25) COLLATE utf8mb4_unicode_ci NOT NULL,
  `noi_cap_bhyt` varchar(100) COLLATE utf8mb4_unicode_ci NOT NULL
) ENGINE=InnoDB DEFAULT CHARSET=utf8mb4 COLLATE=utf8mb4_unicode_ci;

--
-- Dumping data for table `tlb_baohiem`
--

INSERT INTO `tlb_baohiem` (`ma_nhan_vien`, `so_bhxh`, `ngay_cap_bhxh`, `noi_cap_bhxh`, `so_bhyt`, `ngay_cap_bhyt`, `noi_cap_bhyt`) VALUES
('TCHC002', '56875657322', '2008-04-04', 'BHXH Đồng Tháp', '5768678654', '2010-01-01', 'BHXH Đồng Tháp'),
('TCHC008', '32351425841', '02/03/2008', 'BHXH Đồng Tháp', '215428572545', '01/01/2011', 'BHXH Đồng Tháp'),
('TCHC014', 'TCHC014', '3/02/2012', 'Hà Nội', '100', '3/02/2012', 'Hà Nội');

-- --------------------------------------------------------

--
-- Table structure for table `tlb_chucvu`
--

CREATE TABLE IF NOT EXISTS `tlb_chucvu` (
  `chuc_vu_id` varchar(10) COLLATE utf8mb4_unicode_ci NOT NULL,
  `ten_chuc_vu` varchar(50) COLLATE utf8mb4_unicode_ci NOT NULL
) ENGINE=InnoDB DEFAULT CHARSET=utf8mb4 COLLATE=utf8mb4_unicode_ci;

--
-- Dumping data for table `tlb_chucvu`
--

INSERT INTO `tlb_chucvu` (`chuc_vu_id`, `ten_chuc_vu`) VALUES
('BGD002', 'Phó giám đốc'),
('BGD01', 'Giám đốc'),
('DT001', 'Đội trưởng'),
('NV001', 'Nhân viên'),
('PTP001', 'Phó trưởng phòng'),
('TGD', 'Tổng giám đốc'),
('TP001', 'Trưởng phòng');

-- --------------------------------------------------------

--
-- Table structure for table `tlb_congviec`
--

CREATE TABLE IF NOT EXISTS `tlb_congviec` (
  `ma_nhan_vien` varchar(10) COLLATE utf8_unicode_ci NOT NULL,
  `ngay_vao_lam` varchar(25) COLLATE utf8_unicode_ci NOT NULL,
  `phong_ban_id` varchar(10) COLLATE utf8_unicode_ci NOT NULL,
  `cong_viec_id` varchar(10) COLLATE utf8_unicode_ci DEFAULT NULL,
  `chuc_vu_id` varchar(15) COLLATE utf8_unicode_ci DEFAULT NULL,
  `muc_luong_cb` varchar(30) COLLATE utf8_unicode_ci DEFAULT NULL,
  `he_so` varchar(10) COLLATE utf8_unicode_ci DEFAULT NULL,
  `phu_cap` varchar(30) COLLATE utf8_unicode_ci DEFAULT NULL,
  `so_sld` varchar(30) COLLATE utf8_unicode_ci DEFAULT NULL,
  `ngay_cap` varchar(25) COLLATE utf8_unicode_ci DEFAULT NULL,
  `noi_cap` varchar(100) COLLATE utf8_unicode_ci DEFAULT NULL,
  `tknh` varchar(30) COLLATE utf8_unicode_ci DEFAULT NULL,
  `ngan_hang` varchar(50) COLLATE utf8_unicode_ci DEFAULT NULL,
  `hoc_van_id` varchar(10) COLLATE utf8_unicode_ci DEFAULT NULL,
  `bang_cap_id` varchar(10) COLLATE utf8_unicode_ci DEFAULT NULL,
  `ngoai_ngu_id` varchar(10) COLLATE utf8_unicode_ci DEFAULT NULL,
  `tin_hoc_id` varchar(10) COLLATE utf8_unicode_ci DEFAULT NULL,
  `dan_toc_id` varchar(10) COLLATE utf8_unicode_ci DEFAULT NULL,
  `quoc_tich_id` varchar(10) COLLATE utf8_unicode_ci DEFAULT NULL,
  `ton_giao_id` varchar(10) COLLATE utf8_unicode_ci DEFAULT NULL,
  `tinh_thanh_id` varchar(10) COLLATE utf8_unicode_ci DEFAULT NULL
) ENGINE=MyISAM DEFAULT CHARSET=utf8 COLLATE=utf8_unicode_ci;

--
-- Dumping data for table `tlb_congviec`
--

INSERT INTO `tlb_congviec` (`ma_nhan_vien`, `ngay_vao_lam`, `phong_ban_id`, `cong_viec_id`, `chuc_vu_id`, `muc_luong_cb`, `he_so`, `phu_cap`, `so_sld`, `ngay_cap`, `noi_cap`, `tknh`, `ngan_hang`, `hoc_van_id`, `bang_cap_id`, `ngoai_ngu_id`, `tin_hoc_id`, `dan_toc_id`, `quoc_tich_id`, `ton_giao_id`, `tinh_thanh_id`) VALUES
('TCHC008', '02/02/2008', 'PTCHC', 'CNTT', 'NV001', '2000000', '2', NULL, NULL, NULL, NULL, NULL, 'Đầu Tư Đồng Tháp', 'HV005', 'TC002', 'AV000', 'TH002', 'DT001', 'QT001', '1', 'TT001'),
('TCHC002', '2000-02-02', 'PTCHC', 'ATLD', 'PTP001', '2000000', '1.5', NULL, NULL, NULL, NULL, NULL, NULL, 'HV005', 'TC002', 'AV001', 'TH001', 'DT001', 'QT001', '1', 'TT001'),
('TCHC003', '2008-01-01', 'PKH', 'VT001', 'NV001', NULL, NULL, NULL, NULL, NULL, NULL, NULL, NULL, 'HV005', 'DH001', 'AV001', 'TH001', 'DT001', 'QT001', '1', 'TT001'),
('TCKT005', '2008-02-02', 'PKH', 'ATLD', NULL, NULL, NULL, NULL, NULL, NULL, NULL, NULL, NULL, 'HV005', 'DH001', 'AV001', 'TH001', 'DT001', 'QT001', '1', 'TT001'),
('TCHC001', '2008-02-02', 'PTCHC', 'ATLD', NULL, NULL, NULL, NULL, NULL, NULL, NULL, NULL, NULL, 'HV005', 'CD001', 'AV001', 'TH001', 'DT001', 'QT001', '1', 'TT001'),
('TCHC003', '20/02/2005', 'PTCHC', 'TX001', 'NV001', NULL, NULL, NULL, NULL, NULL, NULL, NULL, NULL, 'HV001', 'CD001', 'AV000', 'TH000', 'DT001', 'QT001', '1', 'TT001'),
('TCHC012', '3/02/2013', 'CN001', 'BV001', 'DT001', NULL, NULL, NULL, NULL, NULL, NULL, NULL, NULL, 'HV002', 'BTVH', 'AV000', 'TH000', 'DT001', 'QT001', '1', 'TT001'),
('TCHC011', '3/02/2013', 'CN001', 'KTT001', 'NV001', NULL, NULL, NULL, NULL, NULL, NULL, NULL, NULL, 'HV002', 'BTVH', 'AV000', 'TH000', 'DT001', 'QT001', '1', 'TT001');

-- --------------------------------------------------------

--
-- Table structure for table `tlb_ctcongviec`
--

CREATE TABLE IF NOT EXISTS `tlb_ctcongviec` (
  `cong_viec_id` varchar(10) COLLATE utf8mb4_unicode_ci NOT NULL,
  `ten_cong_viec` varchar(50) COLLATE utf8mb4_unicode_ci NOT NULL
) ENGINE=InnoDB DEFAULT CHARSET=utf8mb4 COLLATE=utf8mb4_unicode_ci;

--
-- Dumping data for table `tlb_ctcongviec`
--

INSERT INTO `tlb_ctcongviec` (`cong_viec_id`, `ten_cong_viec`) VALUES
('9', 'Kỹ sư'),
('ATLD', 'An toàn lao động'),
('BV001', 'Bảo vệ'),
('CNTT', 'Công nghệ thông tin'),
('KTT001', 'Kế toán trưởng'),
('KTV001', 'Kế toán viên'),
('LT001', 'Lập trình viên'),
('TX001', 'Tài xế'),
('VT001', 'Văn thư');

-- --------------------------------------------------------

--
-- Table structure for table `tlb_dantoc`
--

CREATE TABLE IF NOT EXISTS `tlb_dantoc` (
  `dan_toc_id` varchar(10) COLLATE utf8mb4_unicode_ci NOT NULL,
  `ten_dan_toc` varchar(50) COLLATE utf8mb4_unicode_ci NOT NULL
) ENGINE=InnoDB DEFAULT CHARSET=utf8mb4 COLLATE=utf8mb4_unicode_ci;

--
-- Dumping data for table `tlb_dantoc`
--

INSERT INTO `tlb_dantoc` (`dan_toc_id`, `ten_dan_toc`) VALUES
('DT001', 'Kinh'),
('DT002', 'Mường'),
('DT003', 'Bana'),
('DT004', 'Tày'),
('DT005', 'Nùng'),
('DT006', 'Thái'),
('DT007', 'Dao'),
('DT008', 'Khơ Me'),
('DT009', 'Ê Đê'),
('DT010', 'Hơ Mông'),
('DT011', 'Mèo'),
('DT012', 'Tà Ôi'),
('DT013', 'Chăm');

-- --------------------------------------------------------

--
-- Table structure for table `tlb_hinhanh`
--

CREATE TABLE IF NOT EXISTS `tlb_hinhanh` (
  `id` mediumint(10) NOT NULL,
  `ten_anh` varchar(25) COLLATE utf8mb4_unicode_ci NOT NULL
) ENGINE=InnoDB AUTO_INCREMENT=14 DEFAULT CHARSET=utf8mb4 COLLATE=utf8mb4_unicode_ci;

--
-- Dumping data for table `tlb_hinhanh`
--

INSERT INTO `tlb_hinhanh` (`id`, `ten_anh`) VALUES
(2, '1318841686.jpg'),
(3, '1318841821.jpg'),
(4, '1318910096.jpg'),
(5, '1318910105.jpg'),
(7, '1318910124.jpg'),
(8, '1318911121.jpg'),
(9, '1318911135.jpg'),
(10, '1318911710.jpg'),
(11, '1318911868.jpg'),
(12, ''),
(13, '1459653476.jpg');

-- --------------------------------------------------------

--
-- Table structure for table `tlb_hocvan`
--

CREATE TABLE IF NOT EXISTS `tlb_hocvan` (
  `hoc_van_id` varchar(10) COLLATE utf8mb4_unicode_ci NOT NULL,
  `ten_hoc_van` varchar(50) COLLATE utf8mb4_unicode_ci NOT NULL
) ENGINE=InnoDB DEFAULT CHARSET=utf8mb4 COLLATE=utf8mb4_unicode_ci;

--
-- Dumping data for table `tlb_hocvan`
--

INSERT INTO `tlb_hocvan` (`hoc_van_id`, `ten_hoc_van`) VALUES
('HV002', 'Lớp 7'),
('HV003', 'Lớp 8'),
('HV004', 'Lớp 9'),
('HV005', 'Lớp 12');

-- --------------------------------------------------------

--
-- Table structure for table `tlb_hopdong`
--

CREATE TABLE IF NOT EXISTS `tlb_hopdong` (
  `id` mediumint(9) NOT NULL,
  `ma_nhan_vien` varchar(10) COLLATE utf8mb4_unicode_ci NOT NULL,
  `so_quyet_dinh` varchar(25) COLLATE utf8mb4_unicode_ci DEFAULT NULL,
  `tu_ngay` date DEFAULT NULL,
  `den_ngay` date DEFAULT NULL,
  `loai_hop_dong` int(1) DEFAULT NULL,
  `ghi_chu` varchar(100) COLLATE utf8mb4_unicode_ci DEFAULT NULL
) ENGINE=InnoDB AUTO_INCREMENT=11 DEFAULT CHARSET=utf8mb4 COLLATE=utf8mb4_unicode_ci;

--
-- Dumping data for table `tlb_hopdong`
--

INSERT INTO `tlb_hopdong` (`id`, `ma_nhan_vien`, `so_quyet_dinh`, `tu_ngay`, `den_ngay`, `loai_hop_dong`, `ghi_chu`) VALUES
(1, 'TCHC008', '312/2010/QĐ-TCHC', '2010-02-03', '2012-02-02', 3, 'hợp đồng 3 năm'),
(8, 'TCHC008', '315/2010/QĐ-TCHC', '2012-02-02', NULL, 2, 'hợp đồng 2 năm'),
(9, 'TCHC008', '815/2010/QĐ-TCHC', '2012-10-10', NULL, 0, 'hợp đồng không thời hạn'),
(10, 'TCHC008', '315/2010/QĐ-TCHC', '2012-02-02', NULL, 0, 'hợp đồng không thời hạn');

-- --------------------------------------------------------

--
-- Table structure for table `tlb_ngoaingu`
--

CREATE TABLE IF NOT EXISTS `tlb_ngoaingu` (
  `ngoai_ngu_id` varchar(10) COLLATE utf8mb4_unicode_ci NOT NULL,
  `ten_ngoai_ngu` varchar(50) COLLATE utf8mb4_unicode_ci NOT NULL
) ENGINE=InnoDB DEFAULT CHARSET=utf8mb4 COLLATE=utf8mb4_unicode_ci;

--
-- Dumping data for table `tlb_ngoaingu`
--

INSERT INTO `tlb_ngoaingu` (`ngoai_ngu_id`, `ten_ngoai_ngu`) VALUES
('AV000', 'Không'),
('AV001', 'Bằng A anh văn'),
('AV002', 'Bằng B anh văn'),
('AV003', 'Bằng C anh văn'),
('FRE', 'Tiếng Pháp'),
('RUS', 'Tiếng Nga');

-- --------------------------------------------------------

--
-- Table structure for table `tlb_nguoidung`
--

CREATE TABLE IF NOT EXISTS `tlb_nguoidung` (
  `id` int(10) NOT NULL,
  `ten_dang_nhap` varchar(50) COLLATE utf8mb4_unicode_ci DEFAULT NULL,
  `mat_khau` varchar(50) COLLATE utf8mb4_unicode_ci DEFAULT NULL,
  `quyen_them` int(1) DEFAULT '0',
  `quyen_sua` int(1) DEFAULT '0',
  `quyen_xoa` int(1) DEFAULT '0'
) ENGINE=InnoDB AUTO_INCREMENT=3 DEFAULT CHARSET=utf8mb4 COLLATE=utf8mb4_unicode_ci;

--
-- Dumping data for table `tlb_nguoidung`
--

INSERT INTO `tlb_nguoidung` (`id`, `ten_dang_nhap`, `mat_khau`, `quyen_them`, `quyen_sua`, `quyen_xoa`) VALUES
(1, 'admin', '21232f297a57a5a743894a0e4a801fc3', 1, 1, 1),
(2, 'sakura', '827ccb0eea8a706c4c34a16891f84e7b', 0, 0, 0);

-- --------------------------------------------------------

--
-- Table structure for table `tlb_nhanvien`
--

CREATE TABLE IF NOT EXISTS `tlb_nhanvien` (
  `ma_nhan_vien` varchar(10) COLLATE utf8_unicode_ci NOT NULL,
  `ho_ten` varchar(50) COLLATE utf8_unicode_ci NOT NULL,
  `gioi_tinh` tinyint(1) NOT NULL,
  `gia_dinh` tinyint(1) NOT NULL,
  `dt_di_dong` varchar(15) COLLATE utf8_unicode_ci DEFAULT NULL,
  `dt_nha` varchar(15) COLLATE utf8_unicode_ci DEFAULT NULL,
  `email` varchar(50) COLLATE utf8_unicode_ci DEFAULT NULL,
  `ngay_sinh` varchar(25) COLLATE utf8_unicode_ci DEFAULT NULL,
  `noi_sinh` varchar(100) COLLATE utf8_unicode_ci DEFAULT NULL,
  `tinh_thanh` varchar(30) COLLATE utf8_unicode_ci DEFAULT NULL,
  `cmnd` varchar(20) COLLATE utf8_unicode_ci DEFAULT NULL,
  `ngay_cap` varchar(25) COLLATE utf8_unicode_ci DEFAULT NULL,
  `noi_cap` varchar(100) COLLATE utf8_unicode_ci DEFAULT NULL,
  `que_quan` varchar(100) COLLATE utf8_unicode_ci DEFAULT NULL,
  `dia_chi` varchar(100) COLLATE utf8_unicode_ci DEFAULT NULL,
  `tam_tru` varchar(100) COLLATE utf8_unicode_ci DEFAULT NULL,
  `hinh_anh` varchar(30) COLLATE utf8_unicode_ci DEFAULT 'no_image.jpg',
  `nghi_viec` int(1) DEFAULT NULL
) ENGINE=MyISAM DEFAULT CHARSET=utf8 COLLATE=utf8_unicode_ci;

--
-- Dumping data for table `tlb_nhanvien`
--

INSERT INTO `tlb_nhanvien` (`ma_nhan_vien`, `ho_ten`, `gioi_tinh`, `gia_dinh`, `dt_di_dong`, `dt_nha`, `email`, `ngay_sinh`, `noi_sinh`, `tinh_thanh`, `cmnd`, `ngay_cap`, `noi_cap`, `que_quan`, `dia_chi`, `tam_tru`, `hinh_anh`, `nghi_viec`) VALUES
('TCHC008', 'Phạm Tuấn Khanh', 1, 0, '0902395848', '0676555995', 'tuankhanhptk@yahoo.com', '04/01/1983', NULL, 'Đồng Tháp', NULL, NULL, NULL, 'Đồng Tháp', 'Đồng Tháp', 'Đồng Tháp', 'untitled.JPG', 1),
('TCHC002', 'Nguyễn Hữu Trí', 1, 1, '0978923444', '0466755499', 'huutrivc27@yahoo.com', NULL, NULL, 'Đồng Tháp', NULL, NULL, NULL, 'Đồng Tháp', 'Đồng Tháp', 'Đồng Tháp', 'untitled.JPG', 0),
('TCHC001', 'Dương Ngọc Thành', 1, 1, '0987016875', '0435548733', 'dieplcv@gmail.com', NULL, NULL, 'Đồng Tháp', NULL, NULL, NULL, 'Đồng Tháp', 'Đồng Tháp', 'Đồng Tháp', '1459653476.jpg', 0),
('TCHC003', 'Nguyễn Ngọc Điệp', 1, 0, '0986712344', '0435538033', 'nguyenngocdiep@gmail.com', NULL, NULL, NULL, NULL, NULL, NULL, 'Hà Nam', 'Hà Nam', 'Phủ Lý - Hà Nam', NULL, 0),
('TCHC006', 'Trần Văn Quyền', 1, 1, '0986716499', '0435528034', 'tranvanquyen@yahoo.com', NULL, NULL, 'Đồng Tháp', NULL, NULL, NULL, 'Đồng Tháp', 'Đồng Tháp', 'Đồng Tháp', 'untitled.JPG', 0),
('TCHC009', 'Lại Kim Chi', 0, 1, '0974439998', '0437669088', 'laikimchi@gmail.com', '7/2/1987', NULL, NULL, NULL, NULL, NULL, 'Hà Nội', 'Láng Hạ - Nguyễn Chí Thanh - Hà Nội', 'Hà Nội', NULL, NULL),
('TCHC010', 'Nguyễn Đức Nhanh', 1, 1, '0974439990', '0435528035', 'nguyenducnhanh@hotmail.com', NULL, NULL, NULL, NULL, NULL, NULL, 'Thanh Hóa', 'Thanh Hóa', 'Thanh Hóa', NULL, NULL),
('TCHC011', 'Lưu Văn Đạt', 1, 1, '0974439990', '0435528034', 'luuvandat@outlook.com', NULL, NULL, NULL, NULL, NULL, NULL, 'Ninh Bình', 'Ninh Bình', 'Ninh Bình', NULL, NULL),
('TCHC012', 'Nguyễn Văn Cương', 1, 1, '0974439990', '0435538033', 'nguyenvancuong@laza.com', '', '', '', '', '', '', 'Cà Mau', 'Cà Mau', 'Cà Mau', '', NULL),
('TCHC013', 'Hồ Văn Hà', 1, 1, '0978923444', '0437669088', 'hovanha@live.com', '', '', '', '', '', '', 'Sơn La', 'Sơn La', 'Sơn La', '', NULL),
('TCHC014', 'Cao Văn Thắng', 1, 1, '0974439998', '0466755499', 'caovanthang@hanamonline.com', '', '', '', '', '', '', 'Hà Nam', 'Hà Nam', 'Hà Nam', '', NULL),
('TCHC015', 'Lê Công Hưng', 1, 1, '0978923444', '0435528035', 'leconghung@milan.vn', '', '', '', '', '', '', 'Bắc Ninh', 'Bắc Ninh', 'Bắc Ninh', '', NULL);

-- --------------------------------------------------------

--
-- Table structure for table `tlb_phongban`
--

CREATE TABLE IF NOT EXISTS `tlb_phongban` (
  `phong_ban_id` varchar(10) COLLATE utf8mb4_unicode_ci NOT NULL,
  `ten_phong_ban` varchar(100) COLLATE utf8mb4_unicode_ci NOT NULL
) ENGINE=InnoDB DEFAULT CHARSET=utf8mb4 COLLATE=utf8mb4_unicode_ci;

--
-- Dumping data for table `tlb_phongban`
--

INSERT INTO `tlb_phongban` (`phong_ban_id`, `ten_phong_ban`) VALUES
('CN001', 'Chi nhánh TP. HCM'),
('DXDS001', 'Đội Xây dựng số 1'),
('DXDS002', 'Đội Xây dựng số 2'),
('PKH', 'Phòng Kế hoạch'),
('PKT', 'Phòng Kỹ thuật'),
('PTCHC', 'Tổ chức Hành chính'),
('TCKT', 'Tài chính Kế toán'),
('TN001', 'Trạm thuỷ nông số 1'),
('TN002', 'Trạm thuỷ nông số 2'),
('TTTV', 'Trung tâm tư vấn');

-- --------------------------------------------------------

--
-- Table structure for table `tlb_quanhegiadinh`
--

CREATE TABLE IF NOT EXISTS `tlb_quanhegiadinh` (
  `id` mediumint(9) NOT NULL,
  `ma_nhan_vien` varchar(10) COLLATE utf8mb4_unicode_ci NOT NULL,
  `ten_nguoi_than` varchar(50) COLLATE utf8mb4_unicode_ci NOT NULL,
  `nam_sinh` int(4) NOT NULL,
  `moi_quan_he` varchar(10) COLLATE utf8mb4_unicode_ci DEFAULT NULL,
  `nghe_nghiep` varchar(50) COLLATE utf8mb4_unicode_ci DEFAULT NULL,
  `dia_chi` varchar(100) COLLATE utf8mb4_unicode_ci DEFAULT NULL,
  `noi_lam` varchar(100) COLLATE utf8mb4_unicode_ci DEFAULT NULL,
  `dtdd` varchar(20) COLLATE utf8mb4_unicode_ci DEFAULT NULL,
  `dtcq` varchar(20) COLLATE utf8mb4_unicode_ci DEFAULT NULL,
  `ghi_chu` varchar(200) COLLATE utf8mb4_unicode_ci DEFAULT NULL
) ENGINE=InnoDB AUTO_INCREMENT=4 DEFAULT CHARSET=utf8mb4 COLLATE=utf8mb4_unicode_ci;

--
-- Dumping data for table `tlb_quanhegiadinh`
--

INSERT INTO `tlb_quanhegiadinh` (`id`, `ma_nhan_vien`, `ten_nguoi_than`, `nam_sinh`, `moi_quan_he`, `nghe_nghiep`, `dia_chi`, `noi_lam`, `dtdd`, `dtcq`, `ghi_chu`) VALUES
(2, 'TCHC008', 'Đặng lệ thu', 1961, 'Mẹ', 'Nhân viên thu hoa chi chợ Cao Lãnh', 'F3-Đồng Tháp', 'Cty TNHH Hoàng Anh', '120251514', '021548785', 'f ầ sfas f ádf'),
(3, 'TCHC008', 'Phạm Thị Thuỳ Dung', 1985, 'Em', 'CNVCB', 'Đồng Tháp', NULL, '0955581815', NULL, NULL);

-- --------------------------------------------------------

--
-- Table structure for table `tlb_quatrinhcongtac`
--

CREATE TABLE IF NOT EXISTS `tlb_quatrinhcongtac` (
  `id` mediumint(9) NOT NULL,
  `ma_nhan_vien` varchar(10) COLLATE utf8mb4_unicode_ci NOT NULL,
  `so_quyet_dinh` varchar(50) COLLATE utf8mb4_unicode_ci DEFAULT NULL,
  `ngay_ky` varchar(25) COLLATE utf8mb4_unicode_ci DEFAULT NULL,
  `ngay_hieu_luc` varchar(25) COLLATE utf8mb4_unicode_ci DEFAULT NULL,
  `cong_viec` varchar(100) COLLATE utf8mb4_unicode_ci DEFAULT NULL,
  `ghi_chu` text COLLATE utf8mb4_unicode_ci
) ENGINE=InnoDB AUTO_INCREMENT=5 DEFAULT CHARSET=utf8mb4 COLLATE=utf8mb4_unicode_ci;

--
-- Dumping data for table `tlb_quatrinhcongtac`
--

INSERT INTO `tlb_quatrinhcongtac` (`id`, `ma_nhan_vien`, `so_quyet_dinh`, `ngay_ky`, `ngay_hieu_luc`, `cong_viec`, `ghi_chu`) VALUES
(1, 'TCHC008', '300/2010/QĐ-TCHC', '02/02/2008', '02/02/2008', 'CNTT', 'Phòng CNTT'),
(2, 'TCHC008', '350/2010/QĐ-TCHC', '06/08/2009', '01/09/2009', 'Nhân viên lưu trữ', 'Phòng QLTC'),
(3, 'TCHC002', '390/2010/QĐ-TCHC', '2008-09-01', '2009-09-02', 'An toàn lao động', 'Phòng TCHC'),
(4, 'TCHC002', '305/2010/QĐ-TCHC', '2009-05-01', '2010-09-02', 'An toàn lao động 222', 'pppppppppp');

-- --------------------------------------------------------

--
-- Table structure for table `tlb_quatrinhluong`
--

CREATE TABLE IF NOT EXISTS `tlb_quatrinhluong` (
  `id` mediumint(11) NOT NULL,
  `ma_nhan_vien` varchar(25) COLLATE utf8mb4_unicode_ci DEFAULT NULL,
  `so_quyet_dinh` varchar(25) COLLATE utf8mb4_unicode_ci DEFAULT NULL,
  `ngay_chuyen` date DEFAULT NULL,
  `muc_luong` varchar(4) COLLATE utf8mb4_unicode_ci DEFAULT NULL,
  `ghi_chu` varchar(200) COLLATE utf8mb4_unicode_ci DEFAULT NULL
) ENGINE=InnoDB AUTO_INCREMENT=6 DEFAULT CHARSET=utf8mb4 COLLATE=utf8mb4_unicode_ci;

--
-- Dumping data for table `tlb_quatrinhluong`
--

INSERT INTO `tlb_quatrinhluong` (`id`, `ma_nhan_vien`, `so_quyet_dinh`, `ngay_chuyen`, `muc_luong`, `ghi_chu`) VALUES
(1, 'TCHC008', '312/2010/QĐ-TCHC', '2010-02-02', '3', '2 năm nâng bậc'),
(2, 'TCHC003', '312/2010/QĐ-TCHC', '2010-02-02', '3', NULL),
(3, 'TCHC008', '315/2010/QĐ-TCHC', '2010-02-02', '1.33', 'nâng bậc 2 năm'),
(4, NULL, NULL, NULL, NULL, NULL),
(5, NULL, NULL, NULL, NULL, NULL);

-- --------------------------------------------------------

--
-- Table structure for table `tlb_quoctich`
--

CREATE TABLE IF NOT EXISTS `tlb_quoctich` (
  `quoc_tich_id` varchar(10) COLLATE utf8mb4_unicode_ci NOT NULL,
  `ten_quoc_tich` varchar(50) COLLATE utf8mb4_unicode_ci NOT NULL
) ENGINE=InnoDB DEFAULT CHARSET=utf8mb4 COLLATE=utf8mb4_unicode_ci;

--
-- Dumping data for table `tlb_quoctich`
--

INSERT INTO `tlb_quoctich` (`quoc_tich_id`, `ten_quoc_tich`) VALUES
('QT001', 'Việt Nam'),
('QT002', 'Anh'),
('QT003', 'Mỹ');

-- --------------------------------------------------------

--
-- Table structure for table `tlb_tinhoc`
--

CREATE TABLE IF NOT EXISTS `tlb_tinhoc` (
  `tin_hoc_id` varchar(10) COLLATE utf8mb4_unicode_ci NOT NULL,
  `ten_tin_hoc` varchar(50) COLLATE utf8mb4_unicode_ci NOT NULL
) ENGINE=InnoDB DEFAULT CHARSET=utf8mb4 COLLATE=utf8mb4_unicode_ci;

--
-- Dumping data for table `tlb_tinhoc`
--

INSERT INTO `tlb_tinhoc` (`tin_hoc_id`, `ten_tin_hoc`) VALUES
('TH000', 'Không'),
('TH001', 'Tin học A'),
('TH002', 'Tin học B'),
('TH003', 'Trung cấp');

-- --------------------------------------------------------

--
-- Table structure for table `tlb_tinhthanh`
--

CREATE TABLE IF NOT EXISTS `tlb_tinhthanh` (
  `tinh_thanh_id` varchar(10) COLLATE utf8mb4_unicode_ci NOT NULL,
  `ten_tinh_thanh` varchar(50) COLLATE utf8mb4_unicode_ci NOT NULL
) ENGINE=InnoDB DEFAULT CHARSET=utf8mb4 COLLATE=utf8mb4_unicode_ci;

--
-- Dumping data for table `tlb_tinhthanh`
--

INSERT INTO `tlb_tinhthanh` (`tinh_thanh_id`, `ten_tinh_thanh`) VALUES
('TT001', 'Đồng Tháp'),
('TT002', 'Tiền Giang'),
('TT003', 'An Giang'),
('TT004', 'Vĩnh Long'),
('TT005', 'Trà Vinh');

-- --------------------------------------------------------

--
-- Table structure for table `tlb_tongiao`
--

CREATE TABLE IF NOT EXISTS `tlb_tongiao` (
  `ton_giao_id` int(10) NOT NULL,
  `ten_ton_giao` varchar(50) COLLATE utf8mb4_unicode_ci NOT NULL
) ENGINE=InnoDB DEFAULT CHARSET=utf8mb4 COLLATE=utf8mb4_unicode_ci;

--
-- Dumping data for table `tlb_tongiao`
--

INSERT INTO `tlb_tongiao` (`ton_giao_id`, `ten_ton_giao`) VALUES
(1, 'Không'),
(2, 'Cao Đài'),
(3, 'Thiên Chúa'),
(4, 'Đạo Phật');

--
-- Indexes for dumped tables
--

--
-- Indexes for table `tlb_bangcap`
--
ALTER TABLE `tlb_bangcap`
  ADD PRIMARY KEY (`bang_cap_id`);

--
-- Indexes for table `tlb_baohiem`
--
ALTER TABLE `tlb_baohiem`
  ADD PRIMARY KEY (`ma_nhan_vien`);

--
-- Indexes for table `tlb_chucvu`
--
ALTER TABLE `tlb_chucvu`
  ADD PRIMARY KEY (`chuc_vu_id`);

--
-- Indexes for table `tlb_congviec`
--
ALTER TABLE `tlb_congviec`
  ADD PRIMARY KEY (`ma_nhan_vien`,`phong_ban_id`);

--
-- Indexes for table `tlb_ctcongviec`
--
ALTER TABLE `tlb_ctcongviec`
  ADD PRIMARY KEY (`cong_viec_id`);

--
-- Indexes for table `tlb_dantoc`
--
ALTER TABLE `tlb_dantoc`
  ADD PRIMARY KEY (`dan_toc_id`);

--
-- Indexes for table `tlb_hinhanh`
--
ALTER TABLE `tlb_hinhanh`
  ADD PRIMARY KEY (`id`);

--
-- Indexes for table `tlb_hocvan`
--
ALTER TABLE `tlb_hocvan`
  ADD PRIMARY KEY (`hoc_van_id`);

--
-- Indexes for table `tlb_hopdong`
--
ALTER TABLE `tlb_hopdong`
  ADD PRIMARY KEY (`id`);

--
-- Indexes for table `tlb_ngoaingu`
--
ALTER TABLE `tlb_ngoaingu`
  ADD PRIMARY KEY (`ngoai_ngu_id`);

--
-- Indexes for table `tlb_nguoidung`
--
ALTER TABLE `tlb_nguoidung`
  ADD PRIMARY KEY (`id`);

--
-- Indexes for table `tlb_nhanvien`
--
ALTER TABLE `tlb_nhanvien`
  ADD PRIMARY KEY (`ma_nhan_vien`);

--
-- Indexes for table `tlb_phongban`
--
ALTER TABLE `tlb_phongban`
  ADD PRIMARY KEY (`phong_ban_id`);

--
-- Indexes for table `tlb_quanhegiadinh`
--
ALTER TABLE `tlb_quanhegiadinh`
  ADD PRIMARY KEY (`id`);

--
-- Indexes for table `tlb_quatrinhcongtac`
--
ALTER TABLE `tlb_quatrinhcongtac`
  ADD PRIMARY KEY (`id`);

--
-- Indexes for table `tlb_quatrinhluong`
--
ALTER TABLE `tlb_quatrinhluong`
  ADD PRIMARY KEY (`id`);

--
-- Indexes for table `tlb_quoctich`
--
ALTER TABLE `tlb_quoctich`
  ADD PRIMARY KEY (`quoc_tich_id`);

--
-- Indexes for table `tlb_tinhoc`
--
ALTER TABLE `tlb_tinhoc`
  ADD PRIMARY KEY (`tin_hoc_id`);

--
-- Indexes for table `tlb_tinhthanh`
--
ALTER TABLE `tlb_tinhthanh`
  ADD PRIMARY KEY (`tinh_thanh_id`);

--
-- Indexes for table `tlb_tongiao`
--
ALTER TABLE `tlb_tongiao`
  ADD PRIMARY KEY (`ton_giao_id`);

--
-- AUTO_INCREMENT for dumped tables
--

--
-- AUTO_INCREMENT for table `tlb_hinhanh`
--
ALTER TABLE `tlb_hinhanh`
  MODIFY `id` mediumint(10) NOT NULL AUTO_INCREMENT,AUTO_INCREMENT=14;
--
-- AUTO_INCREMENT for table `tlb_hopdong`
--
ALTER TABLE `tlb_hopdong`
  MODIFY `id` mediumint(9) NOT NULL AUTO_INCREMENT,AUTO_INCREMENT=11;
--
-- AUTO_INCREMENT for table `tlb_nguoidung`
--
ALTER TABLE `tlb_nguoidung`
  MODIFY `id` int(10) NOT NULL AUTO_INCREMENT,AUTO_INCREMENT=3;
--
-- AUTO_INCREMENT for table `tlb_quanhegiadinh`
--
ALTER TABLE `tlb_quanhegiadinh`
  MODIFY `id` mediumint(9) NOT NULL AUTO_INCREMENT,AUTO_INCREMENT=4;
--
-- AUTO_INCREMENT for table `tlb_quatrinhcongtac`
--
ALTER TABLE `tlb_quatrinhcongtac`
  MODIFY `id` mediumint(9) NOT NULL AUTO_INCREMENT,AUTO_INCREMENT=5;
--
-- AUTO_INCREMENT for table `tlb_quatrinhluong`
--
ALTER TABLE `tlb_quatrinhluong`
  MODIFY `id` mediumint(11) NOT NULL AUTO_INCREMENT,AUTO_INCREMENT=6;
/*!40101 SET CHARACTER_SET_CLIENT=@OLD_CHARACTER_SET_CLIENT */;
/*!40101 SET CHARACTER_SET_RESULTS=@OLD_CHARACTER_SET_RESULTS */;
/*!40101 SET COLLATION_CONNECTION=@OLD_COLLATION_CONNECTION */;
